Data on Pupils 1 attending primary schools in Northern Ireland 2015/16: SEN data,,,,
DE ref,Schoolname,Special Educational Needs,Code of Practice,(Stage 1 - 5 on code of practice)
1010012,Belmont Primary School,*,#,41
1010063,Currie Primary School,19,80,99
1010146,Euston Street Primary School,8,97,105
1010157,Rosetta Primary School,8,48,56
1010205,Forth River Primary School,5,37,42
1010221,Springfield Primary School,6,31,37
1010232,Harding Memorial Primary School,5,34,39
1010252,Strandtown Primary School,26,222,248
1010255,Elmgrove Primary School,20,218,238
1010266,"Seaview Primary School, Belfast",5,98,103
1010267,Nettlefield Primary School,13,77,90
1010273,Orangefield Primary School,11,68,79
1010282,Carr's Glen Primary School,9,100,109
1010301,Taughmonagh Primary School,40,49,89
1010304,Greenwood Primary School,*,#,19
1010307,Springhill Primary School,8,38,46
1010323,Edenbrooke Primary School,10,109,119
1010324,Stranmillis Primary School,13,36,49
1010325,Ligoniel Primary School,8,43,51
1010806,Finaghy Primary School,*,#,50
1010831,Cavehill Primary School,9,79,88
1013018,Knocknagoney Primary School,5,67,72
1016059,Blackmountain Primary School,*,#,31
1016060,Donegall Road Primary School,11,87,98
1016076,Ballysillan Primary School,9,63,72
1016205,Fane Street Primary School,*,#,76
1016207,Blythefield Primary School,5,38,43
1016242,Dundela Infants School,7,34,41
1016485,Glenwood Primary School,18,136,154
1016498,Malvern Primary School,8,37,45
1016499,Botanic Primary School,*,#,46
1016532,Wheatfield Primary School,5,54,59
1016537,Lowwood Primary School,8,45,53
1016604,"Harmony Primary School, Belfast",7,72,79
1016647,Bunscoil Mhic Reachtain,*,#,16
1016655,Victoria Park Primary School,11,112,123
1030194,"Holy Cross Boys' Primary School, Belfast",13,221,234
1030313,"Our Lady of Lourdes Primary School, Belfast",24,155,179
1030326,"Our Lady's Primary School, Belfast",*,#,137
1030327,Holy Rosary Primary School,15,54,69
1030331,"Holy Cross Girls' Primary School, Belfast",*,#,41
1030868,"St Anne's Primary School, Belfast",12,233,245
1036041,Mercy Primary School,*,#,64
1036042,St Vincent De Paul Primary School,8,82,90
1036048,St Mary's Star of the Sea Primary School,*,#,41
1036075,St Bride's Primary School,16,59,75
1036132,St Therese of Lisieux Primary School,18,103,121
1036140,"St Michael's Primary School, Belfast",10,66,76
1036246,"St Joseph's Primary School, Holland Drive",*,#,52
1036388,"St Mary's Primary School, Divis St",*,#,34
1036466,"St Malachy's Primary School, Belfast",14,68,82
1036471,"Sacred Heart Primary School, Belfast",9,38,47
1036505,"St Matthew's Primary School, Belfast",*,#,52
1036565,St Kevin's Primary School,11,123,134
1036566,"Holy Family Primary School, Belfast",15,152,167
1036576,"Holy Child Primary School, Belfast",19,242,261
1036589,"St Teresa's Primary School, Belfast",65,116,181
1036602,"St Oliver Plunkett Primary School, Belfast",14,89,103
1036620,"St Peter's Primary School, Belfast",8,56,64
1036621,"St Joseph's Primary School, Slate Street",10,59,69
1036623,"Holy Trinity Primary School, Belfast",56,177,233
1036624,"St Paul's Primary School, Belfast",5,95,100
1036630,"St Clare's Primary School, Belfast",12,132,144
1036688,"St John The Baptist Primary School, Belfast",9,60,69
1036697,John Paul II Primary School,12,103,115
1036698,"St Patrick's Primary School, Churchill St",15,161,176
1046501,Bunscoil Phobal Feirste,5,98,103
1046571,Gaelscoil Na Bhfal,6,30,36
1046593,Bunscoil An Tsleibhe Dhuibh,7,38,45
1046596,Bunscoil Bheann Mhadagain,*,#,62
1046641,Scoil An Droichid,8,62,70
1046671,Gaelscoil na Mona,*,#,19
1046672,Gaelscoil an Lonnain,*,#,37
1056483,Cliftonville Integrated Primary School,10,103,113
1056535,Forge Integrated Primary School,9,71,80
1066531,Hazelwood Primary School,16,107,123
1066580,Cranmore Integrated Primary School,12,69,81
1620020,Campbell College Junior School,5,34,39
1620022,Fullerton House Preparatory School,0,28,28
1620023,Downey House School,*,#,30
1620027,Inchmarlo,*,#,24
1620028,Ben Madigan Preparatory School,6,12,18
1620089,Strathearn Prep Dept,*,#,9
1620264,Victoria College Prepatory School,*,#,23
2010380,Londonderry Model Primary School,25,92,117
2010382,Ebrington Controlled Primary School,7,92,99
2011787,Kesh Primary School,12,45,57
2011789,Moat Primary School,6,19,25
2011860,Belleek Primary School,*,#,10
2011873,Aghadrumsee Primary School,5,19,24
2011879,Newtownbutler Primary School,*,#,13
2011881,Florencecourt Primary School,*,#,45
2011893,Ballinamallard Primary School,*,#,31
2011894,Brookeborough Primary School,*,#,15
2011899,Derrygonnelly Primary School,0,*,*
2012052,Culmore Primary School,*,#,20
2012087,Bellarena Primary School,*,#,9
2012095,Ballougry Primary School,*,#,22
2012227,Drumahoe Primary School,13,46,59
2012245,Eglinton Primary School,5,46,51
2012261,Newbuildings Primary School,5,22,27
2012298,Ballykelly Primary School,9,50,59
2012344,McClintock Primary School,*,#,27
2012378,Dunmullan Primary School,*,#,6
2012617,Erganagh Primary School,*,#,14
2012638,Edwards Primary School,6,51,57
2012641,Killen Primary School,*,#,30
2012648,Gillygooley Primary School,0,7,7
2012660,Denamona Primary School,0,18,18
2012669,"Queen Elizabeth II Primary School, Omagh",*,#,20
2012671,Langfield Primary School,0,7,7
2012691,Omagh County Primary School,11,69,80
2012707,Dromore Primary School,*,#,20
2012708,Strabane Controlled Primary School,7,57,64
2012711,Donemana Primary School,*,#,35
2016003,Jones Memorial Primary School,11,68,79
2016029,Drumachose Primary School,*,#,50
2016068,Artigarvan Primary School,*,#,37
2016071,Greenhaw Primary School,10,79,89
2016089,Gibson Primary School,9,51,60
2016102,Tempo Primary School,*,#,32
2016124,Ashlea Primary,*,#,33
2016127,Maguiresbridge Primary School,*,#,28
2016151,Irvinestown Primary School,5,35,40
2016152,Enniskillen Model Primary School,9,66,75
2016184,Lack Primary School,*,#,14
2016203,Lisnagelvin Primary School,19,185,204
2016218,Lisbellaw Primary School,7,24,31
2016262,Newtownstewart Model Primary School,0,18,18
2016372,Cumber Claudy Primary School,*,#,46
2016395,Gortin Primary School,*,#,26
2016426,Limavady Central Primary School,8,136,144
2016442,Sion Mills Primary School,8,70,78
2016564,Fountain Primary School,*,#,34
2016645,Bready Jubilee Primary School,*,#,24
2016656,Drumrane Primary School,5,30,35
2016663,Cooley Primary School,*,#,34
2016700,Gaelscoil NeAchitain,*,#,15
2016701,Ardstraw Jubilee Primary School,0,29,29
2030364,Rosemount Primary School,5,62,67
2030373,Nazareth House Primary School,6,29,35
2030381,"Holy Child Primary School, Londonderry",6,40,46
2031828,"St Patrick's Primary School, Mullanaskea",*,#,32
2031863,Tattygar Primary School,0,14,14
2031868,"St Tierney's Primary School, Roslea",*,#,26
2031869,"St Mary's Primary School, Newtownbutler",8,33,41
2031874,"St Patrick's Primary School, Derrygonnelly",5,26,31
2031876,"St Mary's Primary School, Brookeborough",*,#,16
2031880,"St Ninnidh's Primary School, Derrylin",8,27,35
2031884,"St Mary's Primary School, Killesher",*,#,19
2031887,"St John the Baptist Primary School, Enniskillen",0,19,19
2031890,"St Mary's Primary School, Mullymesker",5,21,26
2031895,"St Mary's Primary School, Maguiresbridge",*,#,23
2031897,Killyhommon Primary School,*,#,17
2031898,"St Paul's Primary School, Irvinestown",5,40,45
2031901,"St Ronan's Primary School, Lisnaskea",9,61,70
2032212,Glendermott Primary School,8,29,37
2032263,"St Canice's Primary School, Feeny",*,#,29
2032278,Broadbridge Primary School,6,92,98
2032286,"St Matthew's Primary School, Limavady",*,#,7
2032287,Termoncanice Primary School,9,84,93
2032294,"St Mary's Primary School, Altinure",*,#,39
2032300,Listress Primary School,*,*,5
2032473,Magheralough Primary School,0,8,8
2032573,"St Brigid's Primary School, Altamuskin",0,10,10
2032603,Tummery Primary School,*,#,8
2032607,"St Mary's Primary School, Killyclogher",10,87,97
2032612,"St Matthew's Primary School, Garvaghey",*,*,5
2032628,Knocknagor Primary School,0,18,18
2032639,Drumduff Primary School,*,*,7
2032662,"St Brigid's Primary School, Mountfield",*,#,11
2032676,"St Patrick's Primary School, Gortin",*,#,15
2032677,Drumlish Primary School,*,#,23
2032682,"St Eugene's Primary School, Victoria Bridge",0,16,16
2032683,"St Joseph's Primary School, Glenmornan",*,#,11
2032684,St Lawrence's Primary School,6,16,22
2032685,"St Brigid's Primary School, Cranagh",0,*,*
2032688,"St Eugene's Primary School, Tyrcur",0,*,*
2032694,St Caireall's Primary School,*,#,18
2032700,"St Joseph's Primary School, Drumquin",*,#,17
2032704,Recarson Primary School,*,#,24
2032705,"St Patrick's Primary School, Eskra",0,10,10
2032721,"Sacred Heart Primary School, Tattyreagh",0,12,12
2032722,Altishane Primary School,0,5,5
2032723,Roscavey Primary School,*,#,14
2032724,Loughash Primary School,0,11,11
2032730,"St Columba's Primary School, Clady",5,19,24
2032731,"St Teresa's Primary School, Loughmacrory",*,#,30
2032737,"St Columbkille's Primary School, Carrickmore",8,78,86
2033706,Faughanvale Primary School,*,#,55
2033707,Mullabuoy Primary School,*,#,16
2033708,St Aidan's Primary School Magilligan,*,#,10
2036008,"St Patrick's Primary School, Newtownstewart",*,#,45
2036032,"St John's Primary School, Bligh's Lane",17,95,112
2036045,"St Canice's Primary School, Dungiven",14,34,48
2036069,"St Anne's Primary School, Derry",11,77,88
2036070,"St Joseph's Primary School, Ederney",6,34,40
2036082,"St Colmcilles Primary School, Claudy",13,36,49
2036084,Steelstown Primary School,13,61,74
2036085,St Peter's & St Paul's Primary School,*,#,12
2036090,"St Naile's Primary School, Kinawley",5,10,15
2036094,"St Patrick's Primary School, Castlederg",5,55,60
2036095,"St Mary's Primary School, Cloughcor",*,#,33
2036097,"St Peter's Primary School, Plumbridge",*,#,16
2036105,St Martin's Primary School,*,#,19
2036107,"St Joseph's Primary School, Lisnaskea",*,#,26
2036116,"St Conor's Primary School, Omagh",17,75,92
2036142,"St Brigid's Primary School, Carnhill",25,85,110
2036143,"St Oliver Plunkett Primary School, Strathfoyle",5,33,38
2036149,"St Finlough's Primary School, Sistrakeel",*,#,15
2036153,St Scire's Primary School,*,#,14
2036181,"St Mary's Primary School, Teemore",*,#,16
2036186,"St Dympna's Primary School, Dromore,",11,33,44
2036187,"St John's Primary School, Dernaflaw",*,#,18
2036213,"St Columban's Primary School, Belcoo",*,#,29
2036227,"St Paul's Primary School, Slievemore",7,57,64
2036247,"St Columba's Primary School, Newbuildings",*,#,17
2036258,"St Davog's Primary School, Belleek",*,#,19
2036259,"Sacred Heart Primary School, Trench Road",13,81,94
2036288,Good Shepherd Primary School,7,34,41
2036291,"St Oliver Plunkett Primary School, Beragh",6,19,25
2036356,"St Mary's Primary School, Tempo",*,#,28
2036387,"St Patrick's Primary School, Donemana",*,#,7
2036415,"Our Lady of Lourdes Primary School, Omagh",*,#,11
2036449,"Christ The King Primary School, Omagh",5,34,39
2036458,"St Mary?s Primary School, Gortnaghey",*,#,9
2036459,"St Theresa's Primary School, Glebe",*,#,24
2036461,"St Therese's Primary School, Lenamore",9,101,110
2036465,Chapel Road Primary School,5,30,35
2036472,"Holy Family Primary School, Ballymagroarty",8,138,146
2036473,"St Eithne's Primary School, Ballymagroarty",9,73,82
2036475,Longtower Primary School,6,62,68
2036533,Hollybush Primary School,9,41,50
2036555,"St Eugene's Primary School, Londonderry",*,#,31
2036557,All Saints Primary School,*,#,25
2036574,Bunscoil Cholmcille,*,#,20
2036581,"St Patrick's Primary School, Pennyburn",13,119,132
2036632,"Holy Trinity Primary School, Enniskillen",47,212,259
2036659,"St Macartan's Primary School, Roslea",*,#,27
2036674,"Holy Family Primary School, Omagh",14,86,100
2036696,"St Mary's Primary School, Strabane",12,118,130
2036703,St Catherine?s Primary School,13,109,122
2046638,Gaelscoil U? Dhochartaigh,*,#,22
2046646,Gaelscoil Eadain Mhoir,5,36,41
2046669,Bunscoil an Traonaigh,*,#,18
2046677,Gaelscoil na gCrann,*,#,45
2046687,Gaelscoil na Daroige,*,#,31
2046689,Gaelscoil Leim an Mhadaidh,*,#,10
2052035,Groarty Primary School,*,#,20
2066549,Enniskillen Integrated Primary School,12,42,54
2066552,Omagh Integrated Primary School,6,57,63
2066558,Oakgrove Integrated Primary School,13,94,107
2066665,Roe Valley Integrated Primary School,*,#,53
3010404,Tildarg Primary School,*,#,13
3010466,Longstone Primary School,0,6,6
3010470,Carnalbanagh Primary School,*,*,*
3010486,Larne and Inver Primary School,*,#,47
3010553,Carrickfergus Model Primary School,*,#,59
3010558,Duneane Primary School,*,#,6
3010570,Straid Primary School,*,#,9
3010572,Carrowreagh Primary School,*,#,15
3010594,Garryduff Primary School,0,11,11
3010631,Ballyclare Primary School,14,88,102
3010642,Parkgate Primary School,*,#,12
3010646,Olderfleet Primary School,8,35,43
3010696,Woodburn Primary School,*,#,37
3010714,Buick Memorial Primary School,6,52,58
3010726,Dunseverick Primary School,*,#,14
3010741,Creavery Primary School,*,#,26
3010745,Loanends Primary School,6,40,46
3010754,Doagh Primary School,*,#,23
3010779,Thompson Primary School,*,#,20
3010780,Kirkinriola Primary School,*,#,7
3010781,Harryville Primary School,10,44,54
3010785,"Eden Primary School, Carrickfergus",*,#,46
3010787,Lislagan Primary School,*,#,20
3010794,Gracehill Primary School,7,53,60
3010795,Landhead Primary School,*,#,17
3010796,"Eden Primary School, Ballymoney",*,#,20
3010802,Ballynure Primary School,*,#,26
3010804,Straidbilly Primary School,*,#,22
3010808,Glynn Primary School,0,18,18
3010809,Ballycarry Primary School,5,13,18
3010816,Randalstown Central Primary School,*,#,36
3010817,Greenisland Primary School,9,45,54
3010818,Moorfields Primary School,6,29,35
3010822,Groggan Primary School,*,#,35
3010825,Carnaghts Primary School,*,#,22
3010826,The Diamond Primary School,*,#,18
3010827,Whitehouse Primary School,*,#,103
3010828,Kilbride Primary School,*,#,56
3010829,Antrim Primary School,10,94,104
3010834,Clough Primary School,8,12,20
3010835,Kells & Connor Primary School,6,35,41
3010841,Carrickfergus Central Primary School,*,#,16
3010842,The William Pinkerton Memorial Primary School,6,18,24
3010846,Whiteabbey Primary School,8,32,40
3010847,Portrush Primary School,6,25,31
3010850,Upper Ballyboley Primary School,*,#,8
3010860,Sunnylands Primary School,6,34,40
3010862,Abbots Cross Primary School,9,46,55
3010870,Moyle Primary School,34,62,96
3010873,Bushmills Primary School,*,#,15
3010874,Whitehead Primary School,*,#,56
3010875,Ballymena Primary School,11,38,49
3010878,Kilmoyle Primary School,*,#,23
3010879,Straidhavern Primary School,*,#,19
3010880,"Kings Park Primary School, Newtownabbey",5,61,66
3010883,Linn Primary School,11,98,109
3010891,Fourtowns Primary School,5,49,54
3010892,Ballytober Primary School,5,22,27
3010893,Knockahollet Primary School,0,12,12
3010895,Rathcoole Primary School,5,31,36
3012049,Carnalridge Primary School,*,#,24
3012065,Culcrow Primary School,*,#,15
3012225,Damhead Primary School,*,#,42
3012229,Hezlett Primary School,5,25,30
3012233,Tobermore Primary School,*,#,12
3012234,Ampertaine Primary School,*,#,22
3012237,"Killowen Primary School, Coleraine",6,48,54
3012250,Portstewart Primary School,*,#,75
3012264,Millburn Primary School,15,60,75
3012267,Magherafelt Controlled Primary School,*,#,39
3012269,Kilrea Primary School,*,#,23
3012282,Culnady Primary School,*,*,*
3012284,D H Christie Memorial Primary School,22,102,124
3012288,Castleroe Primary School,7,11,18
3012290,Bellaghy Primary School,*,#,7
3012291,Maghera Primary School,0,19,19
3013301,Carnmoney Primary School,5,83,88
3013310,Broughshane Primary School,*,#,52
3013315,Ballykeel Primary School,11,78,89
3013322,Camphill Primary School,9,54,63
3013323,Mossgrove Primary School,5,32,37
3013325,Leaney Primary School,13,57,70
3013330,"Victoria Primary School, Carrickfergus",5,74,79
3013331,Ballycraigy Primary School,9,49,58
3013332,Toreagh Primary School,*,#,7
3013700,Macosquin Primary School,5,39,44
3013703,Kilross Primary School,*,#,8
3013704,Castledawson Primary School,*,#,37
3016005,Silverstream Primary School,*,#,25
3016014,Templepatrick Primary School,5,47,52
3016015,Mossley Primary School,13,112,125
3016037,Greystone Primary School,*,#,43
3016038,Hollybank Primary School,*,#,32
3016040,Armoy Primary School,0,25,25
3016052,Harpurs Hill Primary School,24,82,106
3016055,Gorran Primary School,*,#,17
3016058,Parkhall Primary School,6,38,44
3016063,Dunclug Primary School,*,#,26
3016119,Garvagh Primary School,*,#,19
3016125,Rasharkin Primary School,*,#,16
3016129,Carniny Primary School,6,32,38
3016170,Ballyhenry Primary School,*,#,28
3016225,Woodlawn Primary School,*,#,38
3016244,Ashgrove Primary,9,100,109
3016249,Earlview Primary,7,101,108
3016252,Ballysally Primary School,18,78,96
3016257,Oakfield Primary School,7,47,54
3016260,Cloughmills Primary School,*,#,25
3016264,Irish Society's Primary School,7,47,54
3016269,Cairncastle Primary School,*,#,25
3016283,Knockloughrim Primary School,*,#,53
3016414,Fairview Primary School,8,79,87
3016440,Portglenone Primary School,*,#,24
3016444,Hazelbank Primary School,*,#,19
3016447,Balnamore Primary School,*,#,34
3016594,Bushvalley Primary School,*,#,31
3016705,Islandmagee Primary School,*,#,35
3030434,Creggan Primary School,*,#,7
3030438,Millquarter Primary School,5,26,31
3030547,"St Patrick's Primary School, Portrush",*,#,25
3030588,"St Mary's Primary School, Rathlin",0,*,*
3030621,"St Mary's Primary School, Portglenone",7,31,38
3030688,Mount St Michael's Primary School,8,68,76
3030708,Glenann Primary School,*,#,7
3030719,St Olcan's Primary School,*,#,11
3030800,Barnish Primary School,*,#,11
3030815,Moneynick Primary School,*,#,10
3030832,"St Comgall's Primary School, Antrim",*,#,71
3030848,St Macnisius' Primary School,*,*,5
3030890,"St Brigid's Primary School, Cloughmills",0,8,8
3030894,"St Mary's Primary School, Cushendall",*,#,21
3030898,"St Anne's Primary School, Ballymena",*,#,8
3030899,"Seaview Primary School, Glenarm",*,#,10
3030900,"St Anthony's Primary School, Larne",*,#,27
3032018,"St Brigid's Primary School, Tirkane",5,29,34
3032104,Ballyhackett Primary School,*,#,10
3032109,New Row Primary School,8,22,30
3032185,St Trea's Primary School,*,#,25
3032197,Knocknagin Primary School,0,10,10
3032202,"St Columba's Primary School, Garvagh",*,#,31
3032205,"St Columb's Primary School, Magherafelt",*,#,10
3032218,Crossroads Primary School,10,9,19
3032231,"St Colum's Primary School, Portstewart",5,20,25
3032246,"St John Bosco Primary School, Ballynease",0,15,15
3032257,Anahorish Primary School,*,#,51
3032268,"St Columba's Primary School, Straw",5,23,28
3032271,St Eoghan's Primary School,*,#,25
3032273,"St Mary's Primary School, Draperstown",6,44,50
3032274,"St John's Primary School, Swatragh",7,35,42
3032275,Greenlough Primary School (St Mary's),*,#,30
3032281,"St Mary's Primary School, Bellaghy",10,57,67
3032285,St Patrick's & St Joseph's Primary School,8,21,29
3032297,"St Malachy's Primary School, Coleraine",*,#,28
3033303,"St Oliver Plunkett Primary School, Antrim",*,#,31
3033304,Tir-na-Nog Primary School,*,#,8
3033313,"St Bernard's Primary School, Newtownabbey",14,80,94
3033317,"St John's Primary School, Carnlough",0,28,28
3033320,"St Patrick's Primary School, Rasharkin",5,33,38
3033326,"St Brigid's Primary School, Ballymoney",24,15,39
3033709,"St John's Primary School, Coleraine",*,#,38
3036026,"St Joseph's Primary School, Crumlin",16,111,127
3036039,"St Mary's Primary School, Glenview",21,44,65
3036046,St Mary's-on-The-Hill Primary School,*,#,80
3036050,"St Joseph's Primary School, Antrim",14,69,83
3036100,"St James' Primary School and Nursery Unit, Newtownabbey",7,49,56
3036103,"St Brigid's Primary School, Knockloughrim",9,31,40
3036131,"St Patrick's Primary School, Glenariffe",*,#,16
3036139,"St Macnissi's Primary School, Newtownabbey",*,#,37
3036147,"St Columba's Primary School, Kilrea",5,54,59
3036154,"St Patrick's Primary School, Loughgiel",5,17,22
3036243,"St Joseph's Primary School, Dunloy",7,30,37
3036268,St Ciaran's Primary School,*,#,6
3036292,"St Patrick's Primary School, Glen",7,23,30
3036559,St Patrick's & St Brigid's Primary School,7,86,93
3036562,"Holy Family Primary School, Magherafelt",19,69,88
3036563,"St Nicholas' Primary School, Carrickfergus",*,#,31
3036575,"St Macnissi's Primary School, Larne",6,40,46
3036666,"St Colmcille's Primary School, Ballymena",7,42,49
3036679,"St Brigid's Primary School, Ballymena",*,#,95
3036683,"St Paul's Primary School, Ahoghill",*,#,35
3036704,Mary Queen of Peace Primary School,6,42,48
3042162,Desertmartin Primary School,0,8,8
3046653,Gaelscoil an Chaistil,0,27,27
3046678,Gaelscoil na Sp?ir?n?,*,#,11
3046684,Gaelscoil Ghleann Darach,0,20,20
3046685,Gaelscoil Eanna,6,9,15
3046691,Gaelscoil an tSeancha?,0,31,31
3050519,Carnlough Controlled Integrated Primary School,*,*,6
3050791,Glengormley Integrated Primary School,9,19,28
3050859,Crumlin Controlled Intergrated Primary School,8,46,54
3050866,Ballymoney Controlled Integrated Primary School,16,57,73
3052071,Carhill Integrated Primary School,*,#,15
3053333,Ballycastle Integrated Primary School,15,34,49
3056231,Six Mile Integrated Primary School,28,20,48
3056248,Round Tower Integrated Primary School,5,69,74
3056708,Mallusk Controlled Integrated Primary School,0,*,*
3066544,Millstrand Integrated Primary School,7,40,47
3066551,Braidside Integrated Primary School,*,#,81
3066561,Corran Integrated Primary School,*,#,42
3066568,Acorn Integrated Primary School,8,38,46
3066613,Spires Integrated Primary School,6,46,52
3066652,Maine Integrated Primary School,*,#,14
4010512,McKinney Primary School Dundrod,*,#,25
4010720,Ballycarrickmaddy Primary School,8,38,46
4010743,Largymore Primary School,8,53,61
4010762,Brownlee Primary School,*,#,54
4010788,Dunmurry Primary School,7,30,37
4010807,Lisburn Central Primary School,9,42,51
4010882,Seymour Hill Primary School,24,57,81
4010885,Tonagh Primary School,10,47,57
4011265,Ballyvester Primary School,*,#,18
4011300,Grey Abbey Primary School,*,#,21
4011310,Carrickmannon Primary School,5,26,31
4011345,Newtownards Model Primary School,7,89,96
4011373,Kirkistown Primary School,*,#,24
4011462,Castle Gardens Primary School,25,44,69
4011488,"Victoria Primary School, Ballyhalbert",6,48,54
4011507,Portavogie Primary School,6,41,47
4011566,Ballywalter Primary School,5,27,32
4011567,Ballynahinch Primary School,9,42,51
4011578,Derryboy Primary School,*,#,16
4011584,Carr Primary School,*,#,20
4011587,Dundonald Primary School,23,114,137
4011588,Comber Primary School,13,77,90
4011599,Castlewellan Primary School,10,16,26
4011606,Gilnahirk Primary School,13,68,81
4011608,Anahilt Primary School,8,30,38
4011619,Dromara Primary School,6,32,38
4011631,Holywood Primary School,6,91,97
4011632,Cregagh Primary School,24,39,63
4011645,Crawfordsburn Primary School,9,41,50
4011646,"Victoria Primary School, Newtownards",19,94,113
4011650,Ballyholme Primary School,15,101,116
4011654,Donaghadee Primary School,5,47,52
4011657,Lisnasharragh Primary School,10,61,71
4011670,Clandeboye Primary School,7,58,65
4011674,Knockbreda Primary School,33,30,63
4011681,Millisle Primary School,7,63,70
4011683,Braniel Primary School,18,60,78
4011698,Newcastle Primary School,8,18,26
4011699,Moneyrea Primary School,7,49,56
4013013,Belvoir Park Primary School,47,54,101
4013023,Bloomfield Primary School,20,54,74
4013024,Cairnshill Primary School,6,68,74
4013038,Tullycarnet Primary School,*,#,26
4013043,Lead Hill Primary School,8,28,36
4013044,Carryduff Primary School,19,39,58
4013045,Grange Park Primary School,8,50,58
4013046,Alexander Dickson Primary School,5,14,19
4013305,"Harmony Hill Primary School, Lisburn",10,126,136
4013334,Knockmore Primary School,77,54,131
4016002,Kilcooley Primary School,*,#,86
4016004,Londonderry Primary School,10,90,100
4016020,Carrowdore Primary School,*,#,42
4016067,Rathmore Primary School,14,67,81
4016083,West Winds Primary School,10,64,74
4016104,Moira Primary School,6,45,51
4016111,Towerview Primary School,25,75,100
4016123,Spa Primary School,7,19,26
4016126,Andrews Memorial Primary School,*,#,38
4016144,Old Warren Primary School,*,#,31
4016145,"Killowen Primary School, Lisburn",14,135,149
4016192,Kilmaine Primary School,18,63,81
4016201,Academy Primary School,7,43,50
4016202,Ballinderry Primary School,6,36,42
4016235,Downpatrick Primary School,33,56,89
4016396,Killinchy Primary School,5,60,65
4016399,Abbey Primary School,15,76,91
4016401,Pond Park Primary School,13,88,101
4016417,Maghaberry Primary School,*,#,39
4016430,Ballymagee Primary School,*,#,102
4016441,Ballymacash Primary School,11,39,50
4016503,Brooklands Primary School,16,82,98
4016615,Riverdale Primary School,*,#,25
4016636,Meadow Bridge Primary School,7,50,57
4016649,"Downshire Primary School,Hillsborough",12,61,73
4016650,Cumran Primary School,25,26,51
4016681,Glasswater Primary School,6,9,15
4030573,Ballymacward Primary School,*,#,11
4030823,Ballymacrickett Primary School,13,71,84
4030897,"St Joseph's Primary School, Lisburn",13,40,53
4031231,"St Joseph's Primary School, Ballycruttle",*,#,15
4031328,"Christ The King Primary School, Ballynahinch",*,#,33
4031350,"St Malachy's Primary School, Kilclief",*,#,20
4031485,St Caolan's Primary School,*,#,9
4031526,"St Patrick's Primary School, Saul",6,43,49
4031531,"St Francis' Primary School, Drumaroad",6,23,29
4031550,"St Joseph's Primary School, Crossgar",*,#,27
4031628,"St Patrick's Primary School, Holywood",10,40,50
4031660,"St Joseph's Primary School, Carryduff",9,37,46
4031662,"St Mary's Primary School, Comber",*,#,20
4031663,"St Joseph's Primary School, Carnacaville",*,#,30
4031665,"St Patrick's Primary School, Ballynahinch",10,84,94
4031671,"St Patrick's Primary School, Castlewellan",*,#,7
4031672,"St Mary's Primary School, Saintfield",0,19,19
4031673,"St Mary's Primary School, Ardglass",5,15,20
4031676,"St Bernard's Primary School, Belfast",13,81,94
4033002,"St Mary's Primary School, Aughlisnafin",*,#,33
4033005,"St Joseph's Primary School, Strangford",*,#,13
4033007,"St Macartan's Primary School, Downpatrick",5,27,32
4033008,"St Anne's Primary School, Donaghadee",*,#,10
4033012,The Holy Family Primary School,5,43,48
4033017,St Finian's Primary School,*,#,24
4033028,"St Patrick's Primary School, Portaferry",*,#,16
4033036,"St Mary's Primary School, Killyleagh",*,#,35
4033037,"St Joseph's Primary School, Tyrella",*,#,15
4033040,"St Brigid's Primary School, Downpatrick",6,76,82
4033306,St Aloysius Primary School,11,81,92
4033307,"St Colman's Primary School, Lisburn",38,50,88
4036016,"St Joseph's Primary School, Killough",*,#,21
4036036,"St Malachy's Primary School, Kilcoo",0,35,35
4036113,"St Nicholas' Primary School, Ardglass",*,#,29
4036133,"Sacred Heart Primary School, Dundrum",*,#,7
4036146,"St Comgall's Primary School, Bangor",10,24,34
4036148,"St Malachy's Primary School, Bangor",11,53,64
4036182,"St Colmcille's Primary School, Downpatrick",40,28,68
4036285,The Good Shepherd Primary School,21,105,126
4036428,"St Mary's Primary School, Kircubbin",7,26,33
4036454,"St Malachy's Primary School, Castlewellan",34,67,101
4036455,"St Patrick's Primary School, Legamaddy",7,35,42
4036480,St Kieran's Primary School,20,99,119
4036530,"St Mary's Primary School, Portaferry",8,56,64
4036591,Our Lady Queen of Peace Primary School,10,40,50
4036618,Christ the Redeemer Primary School,11,88,99
4036635,"St Mary's Primary School, Newcastle",15,75,90
4036642,St Ita's Primary School,21,71,92
4036693,Our Lady and St Patrick Primary School,13,86,99
4036702,Holy Evangelist Primary School,36,107,143
4046600,Scoil na Fuiseoige,*,#,43
4046648,Bunscoil Bheanna Boirche,*,#,15
4051569,Kircubbin Integrated Primary School,9,25,34
4051601,Portaferry Integrated Primary School,*,#,25
4051680,Bangor Central Integrated Primary School,11,163,174
4053009,Annsborough Primary School,*,#,6
4053020,Glencraig Integrated Primary School,7,20,27
4053308,Fort Hill Integrated Primary School,5,44,49
4056541,All Childrens Integrated Primary School,7,23,30
4056709,Killyleagh Primary School,*,#,15
4056710,Loughries Primary School,*,#,20
4066579,Loughview Integrated Primary School,13,46,59
4066588,Cedar Integrated Primary School,5,56,61
4066611,Oakwood Integrated Primary School,9,54,63
4066644,Millennium Integrated Primary School,13,48,61
4066668,Drumlins Integrated Primary School,6,38,44
4066682,Rowandale Integrated Primary School,14,20,34
4610063,Regent House Prep Dept,*,#,26
4620044,"Sullivan Upper School, Prep Dept",*,#,55
4620050,Friend's School Prep Dept,5,10,15
4620051,"Wallace High School, Prep Dept",7,22,29
5010909,Foley County Primary School,0,*,*
5010992,Lurgan Model Primary School,7,49,56
5011019,Mullaglass Primary School,*,#,14
5011095,Mullavilly Primary School,*,#,21
5011112,Hardy Memorial Primary School,11,44,55
5011115,Armstrong Primary School,45,77,122
5011116,Tandragee Primary School,6,25,31
5011117,Drumsallen Primary School,*,#,7
5011119,Darkley Primary School,*,#,12
5011124,"Kings Park Primary School, Lurgan",15,156,171
5011127,"Carrick Primary School, Lurgan",45,91,136
5011129,Hart Memorial Primary School,14,78,92
5011132,Killylea Primary School,*,#,16
5011137,Newtownhamilton Primary School,*,#,20
5011142,Clare Primary School,*,#,14
5011152,Kingsmills Primary School,*,*,*
5011153,Lisnadill Primary School,*,#,7
5011157,Derryhale Primary School,*,#,17
5011161,Mountnorris Primary School,*,#,16
5011165,Rich Mount Primary School,*,#,10
5011174,Birches Primary School,0,26,26
5011175,Cortamlet Primary School,*,#,26
5011179,Bessbrook Primary School,5,13,18
5011189,"Edenderry Primary School, Portadown",39,54,93
5011190,Tullygally Primary School,7,37,44
5011520,Dromore Road Primary School,5,21,26
5011575,Dromore Central Primary School,17,130,147
5011594,Abercorn Primary School,10,34,44
5011596,Gilford Primary School,*,#,13
5011598,Waringstown Primary School,6,39,45
5011602,Bleary Primary School,6,27,33
5011611,Iveagh Primary School,7,38,45
5011617,Ballydown Primary School,8,32,40
5011649,Kilkeel Primary School,14,68,82
5011651,Milltown Primary School,0,12,12
5011664,Scarva Primary School,5,21,26
5011684,Annalong Primary School,*,#,28
5011687,Maralin Village Primary School,5,34,39
5012280,Moneymore Primary School,10,26,36
5012538,Churchill Primary School,*,#,8
5012611,Lisfearty Primary School,*,*,*
5012615,Ballytrea Primary School,*,#,13
5012621,Aughnacloy Primary School,5,12,17
5012632,Donaghmore Primary School,*,#,16
5012635,Augher Central Primary,7,9,16
5012636,Moy Regional Primary School,*,#,11
5012643,Stewartstown Primary School,*,*,5
5012646,Howard Primary School,7,51,58
5012649,Coagh Primary School,*,#,6
5012657,Walker Memorial Primary School,*,#,9
5012696,Carntall Primary School,*,#,13
5012719,Newmills Primary School,*,#,16
5012720,Dungannon Primary School,37,24,61
5012726,Cookstown Primary School,53,49,102
5013019,"Edenderry Primary School, Banbridge",34,55,89
5013702,Woods Primary School,6,22,28
5016007,Millington Primary School,20,126,146
5016027,Drumhillery Primary School,*,0,*
5016065,Dickson Primary School,9,50,59
5016078,Poyntzpass Primary School,*,#,22
5016079,The Cope Primary School,*,#,24
5016080,Drumgor Primary School,*,#,38
5016088,Fivemiletown Primary School,6,48,54
5016098,Brackenagh West Primary School,7,22,29
5016117,Ballyoran Primary School,12,45,57
5016138,Bocombra Primary School,7,22,29
5016141,Churchtown Primary School,*,*,5
5016178,Donacloney Primary School,*,#,58
5016179,Hamiltonsbawn Primary School,*,#,25
5016200,"Queen Elizabeth II Primary School, Pomeroy",*,#,6
5016221,Orritor Primary School,10,48,58
5016224,Donaghey Primary School,*,#,15
5016391,Bush Primary School,*,#,22
5016436,Markethill Primary School,7,57,64
5016451,Windsor Hill Primary School,*,#,36
5016543,Moyallon Primary School,0,28,28
5016599,Fair Hill Primary School,7,49,56
5016612,Bronte Primary School,*,#,18
5016616,Drumadonnell Primary School,*,#,26
5016643,Richmond Primary School,0,11,11
5016658,Orchard County Primary School,*,#,44
5016680,Killyman Primary School,*,#,38
5030958,"St John's Primary School, Eglish",0,6,6
5030972,"St Oliver Plunkett's Primary School, Forkhill",*,#,33
5030975,"St Malachy's Primary School, Ballymoyer",*,#,11
5031070,"St Michael's Primary School, N'hamilton",*,#,11
5031080,Clintyclay Primary School,0,5,5
5031086,Clonalig Primary School,10,25,35
5031088,Dromintee Primary School,*,#,29
5031103,Tannaghmore Primary School,13,78,91
5031107,"St Teresa's Primary School, Tullyherron",*,#,6
5031108,Clea Primary School,*,#,22
5031110,Christian Brothers' Primary School,15,73,88
5031126,Mount St Catherine's Primary School,*,#,56
5031130,Cloughoge Primary School,13,62,75
5031133,"St Malachy's Primary School, Armagh",9,27,36
5031135,"St Olivers' Primary School, Carrickravaddy",*,#,7
5031138,"St Joseph's Primary School, Madden",*,#,13
5031146,Anamar Primary School,*,#,12
5031148,"St Patrick's Primary School, Crossmaglen",6,48,54
5031154,Killean Primary School,*,#,31
5031158,"St Patrick's Primary School, Newry",18,61,79
5031160,"St Teresa's Primary School, Lurgan",10,34,44
5031163,"St Brigid's Primary School, G'drummond",5,17,22
5031164,"St Mary's Primary School, Maghery",*,#,14
5031166,"St Michael's Primary School, Clady",*,#,10
5031167,"St James' Primary School, Drumatee",0,*,*
5031168,"St Patrick's Primary School, Aghacommon",7,24,31
5031169,"St Brigid's Primary School, Drumilly",6,5,11
5031172,"St Mary's Primary School, Granemore",6,15,21
5031176,"St Peter's Primary School, Cloughreagh",13,54,67
5031183,"St Patrick's Primary School, Armagh",6,90,96
5031184,"St Anthony's Primary School, Craigavon",26,76,102
5031188,"St Joseph's Primary School, Meigh",7,27,34
5031318,"Killowen Primary School, Rostrevor",*,#,12
5031325,"St Joseph's Primary School, Ballymartin",*,#,21
5031340,"St Joseph's Convent Primary School, Newry",51,83,134
5031516,Moneydarragh Primary School,*,#,11
5031558,Ballyholland Primary School,*,#,60
5031589,Grange Primary School,*,#,27
5031609,"Carrick Primary School, Warenpoint",5,48,53
5031653,"St Matthew's Primary School, Magheramayo",*,#,6
5031667,"St Patrick's Primary School, Maralin",*,#,16
5031669,"St John's Primary School, Gilford",*,#,37
5031694,"Holy Cross Primary School, Kilkeel",*,#,27
5031695,"St Mary's Primary School, Barr",*,#,27
5031697,"St Patrick's Primary School, Mayobridge",8,37,45
5032208,Ballylifford Primary School,*,*,6
5032262,Lissan Primary School,*,#,14
5032306,"St Malachy's Primary School, Glencull",*,#,13
5032387,Derrylatinee Primary School,*,*,*
5032463,Blessed Patrick O'loughran Primary School,*,#,27
5032558,Laghey Primary School,*,#,22
5032585,Edendork Primary School,*,#,62
5032591,Roan St Patrick's Primary School,*,#,24
5032592,"St Mary's Primary School, Lisbuoy",*,#,13
5032624,"St Macartan's Primary School, Clogher",*,*,6
5032678,"St Patrick's Primary School, Donaghmore",5,22,27
5032692,"St Mary's Primary School, Stewartstown",*,#,12
5032697,"St Patrick's Primary School, Aughadarragh",*,#,9
5032698,"St Brigid's Primary School, Mountjoy",7,17,24
5032699,"St Mary's Primary School, Dunamore",*,#,25
5032703,"St Peters' Primary School, Moortown",5,18,23
5032713,Derrychrin Primary School,*,#,18
5032714,"Holy Family Primary School, Aughamullan",*,#,12
5032715,"St John's Primary School, Moy",*,#,17
5032717,"St Patrick's Primary School, Mullinahoe",*,#,31
5032727,"St Brigid's Primary School, Augher",0,6,6
5032729,"St John's Primary School, Kingisland",*,#,27
5032734,"St Mary's Primary School, Cabra",*,#,19
5032735,"St Mary's Primary School, Ballygawley",*,#,11
5032736,"St Mary's Primary School, Fivemiletown",0,8,8
5033003,"St Paul's Primary School, Cabra",*,#,16
5033004,"St Mary's Primary School, Rathfriland",*,#,21
5033006,"St Michael's Primary School, Finnis",0,*,*
5033011,"St Mary's Primary School, Dechomet",*,*,8
5033025,"St Patrick's Primary School, Ballymaghery",8,41,49
5033324,"St Patrick's Primary School, Derrynaseer",6,17,23
5036000,"St Colman's Primary School, Dromore",*,#,14
5036001,"St Mary's Primary School, Glassdrumman",5,8,13
5036006,"St Mary's Primary School, Derrymore",*,#,6
5036009,"St Mary's Primary School, Derrytrasna",*,#,13
5036031,"St Patrick's Primary School, Loup",*,#,30
5036033,"St Joseph's Primary School, Galbally",*,#,30
5036043,"St Mary's Primary School, Banbridge",31,102,133
5036047,"St Patrick's Primary School, Annaghmore",5,41,46
5036057,"St Malachy's Primary School, Drumullan",*,#,9
5036061,"St Colman's Primary School, Annaclone",8,23,31
5036064,"St Malachy's Primary School, C'croppan",15,44,59
5036087,"St Mary's Primary School, Mullaghbawn",9,38,47
5036099,"St Patrick's Primary School, Cullyhanna",*,#,46
5036101,St Brendan's Primary School,15,95,110
5036108,"St Joseph's Primary School, Killeenan",*,#,12
5036110,"St Joseph's Primary School, Bessbrook",51,52,103
5036118,"St Mary's Primary School, Pomeroy",8,34,42
5036120,"St Patrick's Primary School, Moneymore",*,#,11
5036121,St Jarlath's Primary School,*,#,30
5036122,Jonesborough Primary School,*,#,10
5036130,St Laurence O'Toole's Primary School,*,#,11
5036136,"Sacred Heart Primary School, Rock",*,#,9
5036173,"St John the Baptist Primary School, Portadown",12,74,86
5036180,"St Oliver Plunkett's Primary School, Ballyhegan",*,#,10
5036363,"St Mary's Primary School, Aughnacloy",*,#,15
5036400,"St Colman's Primary School, Bann",0,31,31
5036409,"St Ronan's Primary School, Newry",11,46,57
5036433,"St Malachy's Primary School, Carnagat",18,57,75
5036457,"St Francis' Primary School, Aghaderg",*,#,21
5036463,"St Joseph's Primary School, Caledon",0,10,10
5036504,"St Patrick's Primary School, Dungannon",23,120,143
5036545,"St Colmans' Primary School, Kilkeel",8,43,51
5036567,"Holy Trinity Primary School, Cookstown",20,85,105
5036572,"St Colman's Primary School, Saval",*,#,52
5036583,"St Dallan's Primary School, Warrenpoint",17,78,95
5036586,Presentation Primary School,*,#,46
5036590,Primate Dixon Primary School,26,85,111
5036595,"St Peter's Primary School, Collegelands",*,#,17
5036598,"Our Lady's Primary School, Tullysaran",*,#,31
5036605,"St Patrick's Primary School, Drumgreenagh",*,#,17
5036610,St Francis' of  Assisi Primary School,7,24,31
5036622,"St John's Primary School, Middletown",*,#,32
5036633,"St Francis' Primary School, Lurgan",15,136,151
5036634,"St Clare's Abbey Primary School, Newry",29,87,116
5036639,Our Lady's and St Mochua's Primary School,6,24,30
5036673,St Bronagh's Primary School,*,#,34
5036675,St Joseph's and St James' Primary School,*,#,17
5046137,Seagoe Primary School,6,22,28
5046241,Drelincourt Infants School,0,6,6
5046597,Bunscoil an Iuir,*,#,19
5046637,Gaelscoil U? Neill,*,#,22
5046692,Gaelscoil Na mBeann,*,*,*
5046695,Gaelscoil Aodha Rua,*,#,16
5046699,Gaelscoil Eoghain,*,#,17
5056013,Kilbroney Integrated Primary School,6,21,27
5066540,Bridge Integrated Primary School,10,85,95
5066553,Portadown Integrated Primary School,10,57,67
5066554,Windmill Integrated Primary School,9,32,41
5066578,Saints & Scholars Int Primary School,9,30,39
5066657,Phoenix Integrated Primary School,*,#,54
5620263,Royal School,0,8,8
